Designator,Val,Package,Mid X,Mid Y,Rotation,Layer
C1,1uF,C_0805_2012Metric_Pad1.18x1.45mm_HandSolder,73.42556,-92.745507,90.0,top
C10,1uF,C_0805_2012Metric_Pad1.18x1.45mm_HandSolder,104.559472,-60.677605,0.0,top
C11,100nF,C_0805_2012Metric_Pad1.18x1.45mm_HandSolder,122.212303,-72.670801,-135.0,top
C12,100nF,C_0805_2012Metric_Pad1.18x1.45mm_HandSolder,140.328587,-75.877345,0.0,top
C13,1uF,C_0805_2012Metric_Pad1.18x1.45mm_HandSolder,97.767904,-99.695077,-90.0,top
C14,1uF,C_0805_2012Metric_Pad1.18x1.45mm_HandSolder,106.25,-99.75,-90.0,top
C15,1uF,C_0805_2012Metric_Pad1.18x1.45mm_HandSolder,141.641014,-79.561201,180.0,top
C16,1uF,C_0805_2012Metric_Pad1.18x1.45mm_HandSolder,100.0,-98.0375,90.0,top
C17,100nF,C_0805_2012Metric_Pad1.18x1.45mm_HandSolder,144.90692,-71.653012,180.0,top
C18,100nF,C_0805_2012Metric_Pad1.18x1.45mm_HandSolder,148.575552,-78.585938,-90.0,top
C19,100nF,C_0805_2012Metric_Pad1.18x1.45mm_HandSolder,119.5125,-97.5,180.0,top
C2,100nF,C_0805_2012Metric_Pad1.18x1.45mm_HandSolder,72.983423,-101.195075,-90.0,top
C20,100nF,C_0805_2012Metric_Pad1.18x1.45mm_HandSolder,125.056961,-97.536066,0.0,top
C21,1uF,C_0805_2012Metric_Pad1.18x1.45mm_HandSolder,150.075129,-56.370329,90.0,top
C22,100nF,C_0805_2012Metric_Pad1.18x1.45mm_HandSolder,147.204307,-49.969148,-90.0,top
C23,100nF,C_0805_2012Metric_Pad1.18x1.45mm_HandSolder,86.898339,-90.771671,-90.0,top
C24,1uF,C_0805_2012Metric_Pad1.18x1.45mm_HandSolder,98.15,-58.0625,-90.0,top
C25,1uF,C_0805_2012Metric_Pad1.18x1.45mm_HandSolder,88.424503,-52.843766,180.0,top
C26,1uF,C_0805_2012Metric_Pad1.18x1.45mm_HandSolder,100.25,-58.1,-90.0,top
C27,1uF,C_0805_2012Metric_Pad1.18x1.45mm_HandSolder,95.179427,-48.789092,0.0,top
C28,1uF,C_0805_2012Metric_Pad1.18x1.45mm_HandSolder,84.343446,-98.340522,180.0,top
C29,1uF,C_0805_2012Metric_Pad1.18x1.45mm_HandSolder,150.075129,-48.370329,90.0,top
C3,10nF,C_0805_2012Metric_Pad1.18x1.45mm_HandSolder,80.400176,-98.381385,0.0,top
C30,100uF,CP_EIA-3528-15_AVX-H_HandSolder,83.479643,-54.997659,180.0,top
C31,100uF,CP_EIA-3528-15_AVX-H_HandSolder,83.507468,-51.626991,180.0,top
C32,1uF,C_0805_2012Metric_Pad1.18x1.45mm_HandSolder,139.810861,-70.12458,-90.0,top
C33,10uF,C_0805_2012Metric_Pad1.18x1.45mm_HandSolder,135.609309,-70.115325,90.0,top
C34,100nF,C_0805_2012Metric_Pad1.18x1.45mm_HandSolder,137.673067,-70.12458,90.0,top
C35,100nF,C_0805_2012Metric_Pad1.18x1.45mm_HandSolder,133.641254,-64.184959,0.0,top
C36,10uF,C_0805_2012Metric_Pad1.18x1.45mm_HandSolder,133.66023,-62.088163,0.0,top
C37,100nF,C_0805_2012Metric_Pad1.18x1.45mm_HandSolder,136.637761,-66.911348,0.0,top
C38,1uF,C_0805_2012Metric_Pad1.18x1.45mm_HandSolder,133.37178,-70.096911,90.0,top
C39,100nF,C_0805_2012Metric_Pad1.18x1.45mm_HandSolder,152.532271,-79.094973,90.0,top
C4,100nF,C_0805_2012Metric_Pad1.18x1.45mm_HandSolder,124.075705,-62.675692,-45.0,top
C40,10uF,C_0805_2012Metric_Pad1.18x1.45mm_HandSolder,154.657142,-75.169828,-90.0,top
C41,100nF,C_0805_2012Metric_Pad1.18x1.45mm_HandSolder,152.539081,-75.138082,-90.0,top
C42,1uF,C_0805_2012Metric_Pad1.18x1.45mm_HandSolder,141.921718,-70.12458,-90.0,top
C43,10nF,C_0805_2012Metric_Pad1.18x1.45mm_HandSolder,145.061428,-66.845458,90.0,top
C44,10nF,C_0805_2012Metric_Pad1.18x1.45mm_HandSolder,142.951682,-65.440326,90.0,top
C45,10nF,C_0805_2012Metric_Pad1.18x1.45mm_HandSolder,142.938822,-61.622898,-90.0,top
C46,10nF,C_0805_2012Metric_Pad1.18x1.45mm_HandSolder,145.097068,-60.174422,-90.0,top
C47,100nF,C_0805_2012Metric_Pad1.18x1.45mm_HandSolder,133.22627,-74.321505,-90.0,top
C48,100nF,C_0805_2012Metric_Pad1.18x1.45mm_HandSolder,140.311135,-73.736569,180.0,top
C49,100nF,C_0805_2012Metric_Pad1.18x1.45mm_HandSolder,92.7125,-81.25,180.0,top
C5,100nF,C_0805_2012Metric_Pad1.18x1.45mm_HandSolder,105.296634,-64.243651,45.0,top
C50,100nF,C_0805_2012Metric_Pad1.18x1.45mm_HandSolder,89.75,-81.75,90.0,top
C51,100nF,C_0805_2012Metric_Pad1.18x1.45mm_HandSolder,75.023783,-70.206872,-90.0,top
C52,100nF,C_0805_2012Metric_Pad1.18x1.45mm_HandSolder,73.030496,-80.886536,90.0,top
C53,1uF,C_0805_2012Metric_Pad1.18x1.45mm_HandSolder,80.45,-100.5,180.0,top
C54,100nF,C_0805_2012Metric_Pad1.18x1.45mm_HandSolder,80.45,-102.5,180.0,top
C55,100nF,C_0805_2012Metric_Pad1.18x1.45mm_HandSolder,139.4125,-86.3,0.0,top
C56,1uF,C_0805_2012Metric_Pad1.18x1.45mm_HandSolder,139.45,-88.31,0.0,top
C57,220pF,C_0805_2012Metric_Pad1.18x1.45mm_HandSolder,82.4125,-46.5,0.0,top
C58,220pF,C_0805_2012Metric_Pad1.18x1.45mm_HandSolder,93.0125,-55.1,0.0,top
C59,220pF,C_0805_2012Metric_Pad1.18x1.45mm_HandSolder,90.7125,-44.9,0.0,top
C6,100nF,C_0805_2012Metric_Pad1.18x1.45mm_HandSolder,117.19381,-78.309607,-45.0,top
C60,220pF,C_0805_2012Metric_Pad1.18x1.45mm_HandSolder,96.05,-55.9375,-90.0,top
C7,100nF,C_0805_2012Metric_Pad1.18x1.45mm_HandSolder,111.102609,-78.001075,135.0,top
C8,100nF,C_0805_2012Metric_Pad1.18x1.45mm_HandSolder,119.176336,-58.654436,0.0,top
C9,1uF,C_0805_2012Metric_Pad1.18x1.45mm_HandSolder,127.404177,-62.86134,-90.0,top
D1,1N5819WS,D_SOD-323,80.633605,-95.409456,180.0,top
D2,LED,LED_0805_2012Metric,77.430307,-87.912078,0.0,top
D3,LED,LED1206-RD_RED_XL-3216SURC-FB,106.75,-92.6,30.0,top
D4,LED,LED1206-RD_RED_XL-3216SURC-FB,114.05,-91.9,120.0,top
D5,BAV99,SOT-23,144.1125,-47.3,0.0,top
FB1,GZ2012D601TF,L_0805_2012Metric_Pad1.05x1.20mm_HandSolder,123.72018,-74.234561,45.0,top
FB2,GZ2012D601TF,L_0805_2012Metric_Pad1.05x1.20mm_HandSolder,145.547594,-77.646362,0.0,top
FB3,GZ2012D601TF,L_0805_2012Metric_Pad1.05x1.20mm_HandSolder,147.234954,-54.055438,90.0,top
FB4,GZ2012D601TF,L_0805_2012Metric_Pad1.05x1.20mm_HandSolder,154.478934,-79.11654,90.0,top
FB5,GZ2012D601TF,L_0805_2012Metric_Pad1.05x1.20mm_HandSolder,131.255057,-74.321505,90.0,top
FPC1,FPC-05F-18PH20,FPC-SMD_18P-P0.50_FPC-05F-18PH20,78.344373,-75.359862,90.0,top
J1,USB_C_Receptacle_USB2.0_16P,USB_C_Receptacle_GCT_USB4105-xx-A_16P_TopMnt_Horizontal,68.158475,-96.464118,-90.0,top
J2,AudioPlug4,Jack_3.5mm_KoreanHropartsElec_PJ-320D-4A_Horizontal,74.858598,-50.149721,0.0,top
J4,JST PH S2B,JST_PH_S2B-PH-SM4-TB_1x02-1MP_P2.00mm_Horizontal,95.778395,-91.104067,90.0,top
JP1,MCK_OLD,SolderJumper-2_P1.3mm_Open_RoundedPad1.0x1.5mm,133.138597,-58.12266,-90.0,top
JP2,Shield GND,SolderJumper-2_P1.3mm_Open_RoundedPad1.0x1.5mm,65.85,-89.3,-90.0,top
JP3,SolderJumper_2_Bridged,SolderJumper-2_P1.3mm_Bridged2Bar_RoundedPad1.0x1.5mm,70.515187,-77.779557,90.0,top
Q1,AO3401A,SOT-23,84.341537,-95.526942,180.0,top
R1,5.1k,R_0805_2012Metric_Pad1.20x1.40mm_HandSolder,69.460768,-86.906444,0.0,top
R10,20k,R_0805_2012Metric_Pad1.20x1.40mm_HandSolder,84.295433,-48.669911,180.0,top
R11,20k,R_0805_2012Metric_Pad1.20x1.40mm_HandSolder,92.960766,-53.044815,180.0,top
R12,10k,R_0805_2012Metric_Pad1.20x1.40mm_HandSolder,145.05,-86.7,90.0,top
R13,10k,R_0805_2012Metric_Pad1.20x1.40mm_HandSolder,147.25,-86.7,90.0,top
R14,10k,R_0805_2012Metric_Pad1.20x1.40mm_HandSolder,149.45,-86.7,90.0,top
R15,2k,R_0805_2012Metric_Pad1.20x1.40mm_HandSolder,74.394623,-74.265853,90.0,top
R16,2k,R_0805_2012Metric_Pad1.20x1.40mm_HandSolder,72.214124,-74.240557,90.0,top
R17,470,R_0805_2012Metric,104.0375,-95.5,180.0,top
R18,470,R_0805_2012Metric,113.95,-96.7125,-90.0,top
R19,47k,R_0805_2012Metric_Pad1.20x1.40mm_HandSolder,96.0,-83.25,90.0,top
R2,5.1k,R_0805_2012Metric_Pad1.20x1.40mm_HandSolder,69.430975,-88.964118,180.0,top
R20,47k,R_0805_2012Metric_Pad1.20x1.40mm_HandSolder,96.0,-79.5,90.0,top
R21,47k,R_0805_2012Metric_Pad1.20x1.40mm_HandSolder,85.75,-85.0,0.0,top
R22,47k,R_0805_2012Metric_Pad1.20x1.40mm_HandSolder,89.5,-85.0,0.0,top
R23,10k,R_0805_2012Metric_Pad1.20x1.40mm_HandSolder,99.25,-50.9,180.0,top
R24,10k,R_0805_2012Metric_Pad1.20x1.40mm_HandSolder,90.65,-46.9,0.0,top
R25,10k,R_0805_2012Metric_Pad1.20x1.40mm_HandSolder,93.5,-68.25,180.0,top
R26,10k,R_0805_2012Metric_Pad1.20x1.40mm_HandSolder,94.75,-62.0,0.0,top
R27,10k,R_0805_2012Metric_Pad1.20x1.40mm_HandSolder,92.75,-58.5,0.0,top
R28,10k,R_0805_2012Metric_Pad1.20x1.40mm_HandSolder,104.25,-48.0,0.0,top
R29,10k,R_0805_2012Metric_Pad1.20x1.40mm_HandSolder,108.0,-48.0,180.0,top
R3,10k,R_0805_2012Metric_Pad1.20x1.40mm_HandSolder,118.71344,-87.509164,0.0,top
R4,10k,R_0805_2012Metric_Pad1.20x1.40mm_HandSolder,126.478489,-87.671016,180.0,top
R5,10k,R_0805_2012Metric_Pad1.20x1.40mm_HandSolder,95.139949,-50.90511,180.0,top
R6,10k,R_0805_2012Metric_Pad1.20x1.40mm_HandSolder,86.321628,-46.469175,0.0,top
R7,100k,R_0805_2012Metric_Pad1.20x1.40mm_HandSolder,78.011434,-95.46571,90.0,top
R8,2k,R_0805_2012Metric_Pad1.20x1.40mm_HandSolder,79.046142,-91.66044,180.0,top
R9,2k,R_0805_2012Metric_Pad1.20x1.40mm_HandSolder,81.169263,-87.93932,180.0,top
RF1,BWSMA-KE-P001,SMA-SMD_BWSMA-KE-P001,147.04558,-42.616925,90.0,top
SW1,RST,SW_Push_1P1T_XKB_TS-1187A,125.55,-92.566371,90.0,top
SW2,BOOT0,SW_Push_1P1T_XKB_TS-1187A,119.25,-92.6,90.0,top
SW3,MST-22D18G4-WT,SW-SMD_MST-22D18G4-WT,91.417574,-100.669057,180.0,top
SW4,RotaryEncoder_Switch,RotaryEncoder_Alps_EC11E-Switch_Vertical_H20mm_MountingHoles,149.25,-96.5,180.0,top
TF1,TF-018B-H15,TF-SMD_TF-018B-H15,74.409842,-62.15613,90.0,top
TP1,TestPoint,TestPoint_Pad_1.0x1.0mm,105.504708,-56.685081,0.0,top
TP10,TestPoint,TestPoint_Pad_1.0x1.0mm,107.168245,-73.343304,0.0,top
TP11,TestPoint,TestPoint_Pad_1.0x1.0mm,109.611525,-80.058475,45.0,top
TP12,TestPoint,TestPoint_Pad_1.0x1.0mm,111.135009,-81.532234,-135.0,top
TP13,TestPoint,TestPoint_Pad_1.0x1.0mm,113.048023,-50.130019,90.0,top
TP14,TestPoint,TestPoint_Pad_1.0x1.0mm,112.309056,-52.229358,0.0,top
TP15,TestPoint,TestPoint_Pad_1.0x1.0mm,110.948684,-50.130019,0.0,top
TP16,TestPoint,TestPoint_Pad_1.0x1.0mm,101.754957,-69.341843,0.0,top
TP17,TestPoint,TestPoint_Pad_1.0x1.0mm,99.5,-68.0,0.0,top
TP18,TestPoint,TestPoint_Pad_1.0x1.0mm,110.176128,-52.212563,0.0,top
TP19,TestPoint,TestPoint_Pad_1.0x1.0mm,108.873009,-50.134736,0.0,top
TP2,TestPoint,TestPoint_Pad_1.0x1.0mm,104.294081,-69.375889,0.0,top
TP20,TestPoint,TestPoint_Pad_1.0x1.0mm,108.093584,-52.229358,0.0,top
TP21,TestPoint,TestPoint_Pad_1.0x1.0mm,106.752911,-50.147217,0.0,top
TP22,TestPoint,TestPoint_Pad_1.0x1.0mm,106.01371,-52.225678,0.0,top
TP3,TestPoint,TestPoint_Pad_1.0x1.0mm,97.705332,-73.010139,0.0,top
TP4,TestPoint,TestPoint_Pad_1.0x1.0mm,100.158344,-74.297655,0.0,top
TP5,TestPoint,TestPoint_Pad_1.0x1.0mm,92.789222,-70.751374,0.0,top
TP6,TestPoint,TestPoint_Pad_1.0x1.0mm,113.085056,-54.753907,0.0,top
TP7,TestPoint,TestPoint_Pad_1.0x1.0mm,120.755431,-79.664303,0.0,top
TP9,TestPoint,TestPoint_Pad_1.0x1.0mm,116.211759,-59.236758,0.0,top
U1,SN74CBTLV3253,SOIC-16_3.9x9.9mm_P1.27mm,149.868765,-64.177963,90.0,top
U2,XLV320ADC6120IRTER,RTE0020A-MFG,139.563577,-63.421922,180.0,top
U3,CH32V30xRxTx,LQFP-64_10x10mm_P0.5mm,114.41596,-68.014708,45.0,top
U4,MD57E33QC3,SOT-23-5_L3.0-W1.7-P0.95-LS2.8-BR,103.3,-99.8,180.0,top
U5,MD57E33QC3,SOT-23-5_L3.0-W1.7-P0.95-LS2.8-BR,141.8,-82.55,-90.0,top
U6,BGA2817,SOT-363_SC-70-6,149.975129,-52.670329,270.0,top
U7,TP4054,TSOT-23-5,83.297056,-91.261071,90.0,top
U8,LM4809,MSOP-8_L3.0-W3.0-P0.65-LS4.9-BL,89.674503,-50.093766,90.0,top
X1,2T024000VX,OSC-SMD_4P-L2.5-W2.0-BL_X1G0054210307,136.264537,-74.375234,0.0,top
Y1,Si5351A-B-GT,MSOP-10_3x3mm_P0.5mm,146.136001,-74.72637,270.0,top
